yage,yjs,ymi        ,ypsh,ywith,ydfh,ytwy,yyatco,ywlb,yattr
49  ,2  ,0.217008952,23  ,7    ,8   ,10  ,10    ,3   ,0
37  ,3  ,0.056924697,15  ,0    ,2   ,7   ,0     ,3   ,1
27  ,2  ,0.129489205,12  ,2    ,2   ,6   ,2     ,3   ,0
32  ,4  ,0.108425487,13  ,6    ,2   ,8   ,7     ,2   ,0
30  ,3  ,0.088678252,22  ,0    ,24  ,1   ,1     ,3   ,0
38  ,3  ,0.44849921 ,21  ,8    ,23  ,10  ,9     ,3   ,0
36  ,3  ,0.222643497,13  ,7    ,27  ,17  ,7     ,2   ,0
35  ,2  ,0.07461822 ,13  ,3    ,16  ,6   ,5     ,3   ,0
31  ,3  ,0.100157978,17  ,3    ,26  ,5   ,5     ,2   ,0
34  ,4  ,0.086993154,11  ,2    ,19  ,3   ,2     ,3   ,0
28  ,3  ,0.053659821,14  ,3    ,24  ,6   ,4     ,3   ,1
32  ,2  ,0.120537125,12  ,5    ,5   ,7   ,6     ,2   ,0
22  ,4  ,0.101421801,13  ,0    ,16  ,1   ,1     ,2   ,0
38  ,4  ,0.154555029,11  ,2    ,2   ,6   ,3     ,3   ,0
36  ,1  ,0.126276988,23  ,3    ,9   ,10  ,5     ,3   ,1
21  ,4  ,0.011743023,14  ,0    ,15  ,0   ,0     ,3   ,0
34  ,1  ,0.102738283,11  ,3    ,6   ,8   ,4     ,3   ,1
42  ,2  ,0.306266456,11  ,2    ,8   ,10  ,9     ,3   ,0
33  ,4  ,0.078304371,11  ,0    ,2   ,7   ,1     ,3   ,0
44  ,4  ,0.28730911 ,13  ,3    ,10  ,9   ,4     ,4   ,0
30  ,3  ,0.063033175,13  ,8    ,9   ,10  ,10    ,3   ,0
39  ,4  ,0.05671406 ,14  ,0    ,5   ,19  ,1     ,4   ,1
24  ,4  ,0.067614534,16  ,0    ,1   ,6   ,2     ,2   ,1
50  ,3  ,0.088151659,14  ,2    ,3   ,3   ,3     ,3   ,1
35  ,4  ,0.049605055,12  ,0    ,4   ,1   ,1     ,3   ,0
26  ,3  ,0.067614534,12  ,1    ,25  ,1   ,1     ,2   ,1
27  ,3  ,0.406371775,15  ,7    ,8   ,9   ,9     ,3   ,0
34  ,3  ,0.187414429,20  ,7    ,23  ,10  ,9     ,3   ,0
37  ,2  ,0.10600316 ,21  ,0    ,19  ,8   ,1     ,3   ,0
46  ,4  ,0.250816219,21  ,8    ,5   ,14  ,9     ,3   ,0
35  ,4  ,0.066350711,19  ,1    ,8   ,1   ,1     ,3   ,0
48  ,3  ,0.230226435,13  ,0    ,1   ,23  ,1     ,3   ,1
28  ,3  ,0.128067404,13  ,2    ,5   ,2   ,2     ,2   ,1
35  ,1  ,0.467351237,13  ,3    ,11  ,10  ,4     ,3   ,0
35  ,1  ,0.424433913,22  ,8    ,18  ,9   ,9     ,2   ,0
31  ,4  ,0.258346498,22  ,7    ,7   ,10  ,7     ,2   ,0
37  ,3  ,0.262453923,18  ,7    ,1   ,7   ,7     ,4   ,0
32  ,4  ,0.271353344,22  ,8    ,1   ,9   ,9     ,3   ,0
36  ,2  ,0.289099526,13  ,3    ,11  ,6   ,6     ,3   ,0
45  ,1  ,0.45892575 ,17  ,0    ,7   ,25  ,1     ,3   ,0
35  ,1  ,0.062401264,13  ,2    ,1   ,5   ,3     ,2   ,0
36  ,3  ,0.125276461,17  ,0    ,9   ,2   ,1     ,2   ,1
29  ,2  ,0.089204845,23  ,4    ,2   ,6   ,5     ,3   ,0
31  ,2  ,0.078567667,17  ,0    ,1   ,1   ,1     ,3   ,0
32  ,2  ,0.274407583,17  ,9    ,1   ,10  ,10    ,3   ,0
35  ,1  ,0.173933649,14  ,8    ,1   ,16  ,15    ,3   ,0
45  ,1  ,0.644339126,14  ,0    ,6   ,17  ,0     ,4   ,0
37  ,3  ,0.66640337 ,13  ,2    ,7   ,16  ,5     ,4   ,0
46  ,2  ,0.211269089,22  ,2    ,5   ,16  ,4     ,3   ,0
30  ,4  ,0.216798315,12  ,0    ,1   ,10  ,10    ,2   ,0
35  ,3  ,0.097419695,18  ,4    ,1   ,6   ,6     ,3   ,0
55  ,4  ,0.486045287,14  ,0    ,1   ,24  ,1     ,3   ,0
34  ,2  ,0.17461822 ,15  ,3    ,1   ,5   ,5     ,3   ,0
56  ,4  ,0.329173249,11  ,2    ,7   ,37  ,6     ,2   ,0
23  ,1  ,0.069141654,13  ,0    ,2   ,3   ,0     ,3   ,0
51  ,4  ,0.056134808,23  ,3    ,9   ,10  ,4     ,3   ,0
30  ,4  ,0.165508162,19  ,8    ,2   ,11  ,11    ,3   ,0
46  ,4  ,0.453396524,16  ,7    ,9   ,9   ,9     ,3   ,1
40  ,2  ,0.657925224,22  ,11   ,1   ,22  ,22    ,2   ,0
51  ,4  ,0.233385993,22  ,0    ,21  ,11  ,10    ,1   ,0
46  ,1  ,0.508899421,13  ,5    ,1   ,21  ,10    ,2   ,0
32  ,3  ,0.210689837,16  ,7    ,6   ,12  ,11    ,3   ,0
28  ,3  ,0.169141654,15  ,4    ,4   ,5   ,5     ,4   ,0
58  ,3  ,0.677356503,13  ,8    ,10  ,38  ,37    ,2   ,0
44  ,2  ,0.054397051,12  ,2    ,23  ,17  ,3     ,4   ,0
37  ,1  ,0.056029489,22  ,2    ,6   ,7   ,3     ,3   ,1
32  ,1  ,0.102527646,13  ,0    ,1   ,1   ,1     ,3   ,0
37  ,4  ,0.218746709,14  ,0    ,2   ,17  ,1     ,4   ,0
25  ,3  ,0.249341759,11  ,3    ,5   ,6   ,6     ,3   ,1
25  ,4  ,0.098999473,11  ,1    ,7   ,2   ,2     ,3   ,0
34  ,3  ,0.266719326,24  ,6    ,7   ,9   ,9     ,3   ,1
24  ,3  ,0.092943655,12  ,2    ,18  ,6   ,5     ,3   ,0
37  ,4  ,0.338020011,12  ,3    ,3   ,12  ,5     ,3   ,0
43  ,4  ,0.839915745,12  ,12   ,26  ,25  ,25    ,4   ,0
30  ,3  ,0.084465508,25  ,9    ,23  ,10  ,10    ,2   ,0
33  ,2  ,0.270510795,13  ,7    ,22  ,8   ,7     ,4   ,0
51  ,3  ,0.975671406,13  ,15   ,6   ,23  ,20    ,3   ,0
31  ,3  ,0.271879937,18  ,7    ,6   ,12  ,7     ,2   ,1
19  ,3  ,0.03507109 ,19  ,0    ,22  ,0   ,0     ,2   ,1
22  ,4  ,0.079726172,14  ,1    ,2   ,3   ,2     ,3   ,0
41  ,3  ,0.378093734,13  ,7    ,9   ,12  ,9     ,3   ,0
36  ,2  ,0.207056345,20  ,1    ,6   ,7   ,3     ,3   ,0
51  ,4  ,0.507688257,15  ,3    ,8   ,18  ,4     ,3   ,1
25  ,3  ,0.401790416,18  ,2    ,28  ,6   ,2     ,3   ,0
30  ,4  ,0.281095313,19  ,7    ,9   ,12  ,11    ,1   ,0
45  ,4  ,0.128646656,13  ,3    ,29  ,9   ,6     ,2   ,0
32  ,4  ,0.192680358,17  ,7    ,9   ,9   ,8     ,4   ,0
30  ,4  ,0.090100053,13  ,2    ,2   ,6   ,5     ,3   ,0
41  ,1  ,0.851606108,13  ,7    ,10  ,21  ,7     ,2   ,0
41  ,1  ,0.064718273,21  ,4    ,9   ,7   ,5     ,3   ,0
35  ,2  ,0.331016324,13  ,6    ,1   ,10  ,10    ,3   ,0
53  ,3  ,0.068299105,20  ,5    ,6   ,13  ,7     ,1   ,0
45  ,2  ,0.070510795,18  ,15   ,9   ,20  ,17    ,1   ,0
29  ,3  ,0.174302264,13  ,9    ,1   ,10  ,10    ,3   ,0
51  ,3  ,0.269773565,17  ,0    ,7   ,10  ,1     ,3   ,0
40  ,4  ,0.518483412,11  ,11   ,4   ,15  ,12    ,2   ,0
22  ,4  ,0.069194313,24  ,2    ,19  ,2   ,2     ,3   ,0
27  ,2  ,0.053449184,18  ,2    ,9   ,6   ,2     ,1   ,0
28  ,4  ,0.089731438,11  ,2    ,21  ,5   ,5     ,1   ,0
57  ,4  ,0.443917852,16  ,4    ,24  ,12  ,5     ,1   ,0
27  ,3  ,0.081990521,15  ,1    ,3   ,1   ,1     ,2   ,0
41  ,3  ,0.075934702,12  ,8    ,14  ,13  ,9     ,3   ,0
32  ,3  ,0.106845708,20  ,4    ,6   ,8   ,5     ,3   ,0
27  ,2  ,0.107898894,16  ,1    ,17  ,6   ,5     ,2   ,0
36  ,2  ,0.056819379,12  ,2    ,3   ,13  ,8     ,2   ,0
30  ,1  ,0.108636124,11  ,10   ,9   ,12  ,12    ,3   ,0
33  ,4  ,0.078515008,14  ,2    ,2   ,4   ,3     ,4   ,0
19  ,4  ,0.004897314,22  ,0    ,2   ,1   ,1     ,2   ,1
50  ,3  ,0.141179568,15  ,2    ,1   ,5   ,3     ,2   ,0
55  ,2  ,0.932754081,11  ,15   ,14  ,36  ,24    ,3   ,0
34  ,3  ,0.449605055,17  ,9    ,2   ,10  ,10    ,2   ,0
52  ,3  ,1          ,14  ,9    ,1   ,34  ,33    ,3   ,0
35  ,3  ,0.258399157,13  ,1    ,23  ,8   ,1     ,3   ,1
43  ,4  ,0.056872038,14  ,2    ,7   ,7   ,5     ,4   ,0
45  ,4  ,0.831121643,23  ,8    ,2   ,22  ,20    ,3   ,0
37  ,1  ,0.134544497,12  ,7    ,21  ,8   ,8     ,2   ,0
38  ,3  ,0.291943128,14  ,0    ,2   ,14  ,1     ,3   ,0
38  ,4  ,0.276566614,18  ,7    ,29  ,9   ,7     ,1   ,0
27  ,1  ,0.173196419,19  ,0    ,1   ,6   ,2     ,3   ,0
49  ,4  ,0.305160611,15  ,7    ,18  ,7   ,7     ,3   ,0
34  ,3  ,0.14776198 ,17  ,0    ,10  ,5   ,5     ,4   ,0
40  ,4  ,0.091205898,15  ,7    ,19  ,15  ,7     ,4   ,0
38  ,1  ,0.298262243,19  ,0    ,29  ,17  ,1     ,3   ,1
22  ,2  ,0.069457609,16  ,2    ,5   ,4   ,4     ,2   ,0
40  ,4  ,0.203633491,14  ,2    ,9   ,5   ,3     ,1   ,0
46  ,1  ,0.441653502,16  ,3    ,1   ,17  ,4     ,3   ,0
32  ,4  ,0.494523433,11  ,8    ,4   ,14  ,14    ,2   ,1
30  ,3  ,0.393101632,22  ,8    ,1   ,12  ,11    ,3   ,0
51  ,2  ,0.604581359,16  ,7    ,8   ,16  ,10    ,1   ,0
29  ,3  ,0.0552396  ,14  ,5    ,1   ,7   ,6     ,2   ,1
36  ,2  ,0.258293839,16  ,7    ,5   ,16  ,13    ,4   ,0
37  ,4  ,0.588520274,14  ,7    ,11  ,10  ,10    ,3   ,0
38  ,3  ,0.505529226,12  ,13   ,3   ,17  ,16    ,2   ,0
31  ,3  ,0.175671406,12  ,4    ,1   ,6   ,5     ,3   ,0
59  ,4  ,0.061506056,17  ,0    ,3   ,7   ,1     ,3   ,0
37  ,4  ,0.093944181,17  ,8    ,4   ,13  ,9     ,3   ,0
29  ,4  ,0.072669826,13  ,1    ,18  ,4   ,4     ,2   ,1
42  ,4  ,0.959610321,11  ,15   ,4   ,22  ,22    ,3   ,0
59  ,3  ,0.066245392,17  ,2    ,6   ,7   ,2     ,2   ,0
33  ,4  ,0.075144813,13  ,4    ,14  ,8   ,5     ,1   ,1
52  ,3  ,0.950974197,18  ,12   ,2   ,33  ,33    ,4   ,0
32  ,3  ,0.14328594 ,14  ,2    ,1   ,4   ,3     ,1   ,1
32  ,4  ,0.181990521,18  ,2    ,26  ,4   ,3     ,3   ,0
41  ,1  ,0.108636124,16  ,0    ,19  ,17  ,1     ,2   ,0
40  ,4  ,0.12164297 ,17  ,7    ,24  ,9   ,9     ,3   ,0
45  ,4  ,0.958030542,11  ,7    ,1   ,25  ,24    ,3   ,0
31  ,3  ,0.666982622,12  ,2    ,3   ,9   ,2     ,3   ,0
34  ,1  ,0.260558189,13  ,9    ,2   ,13  ,11    ,3   ,0
45  ,3  ,0.285676672,17  ,2    ,7   ,9   ,3     ,3   ,0
37  ,3  ,0.475987362,11  ,0    ,10  ,17  ,1     ,3   ,1
29  ,4  ,0.070089521,19  ,5    ,15  ,6   ,6     ,3   ,0
29  ,4  ,0.311848341,14  ,2    ,20  ,10  ,3     ,3   ,0
40  ,3  ,0.970352817,19  ,9    ,2   ,22  ,21    ,3   ,0
51  ,4  ,0.090258031,11  ,0    ,1   ,1   ,1     ,2   ,0
31  ,2  ,0.130068457,11  ,4    ,29  ,6   ,5     ,4   ,1
32  ,2  ,0.09399684 ,20  ,3    ,7   ,5   ,5     ,1   ,0
38  ,4  ,0.223275408,18  ,5    ,2   ,13  ,8     ,3   ,0
32  ,1  ,0.061453397,13  ,4    ,2   ,9   ,6     ,3   ,0
28  ,3  ,0.130384413,11  ,0    ,2   ,5   ,0     ,1   ,1
29  ,2  ,0.296735124,19  ,0    ,2   ,10  ,0     ,3   ,0
31  ,4  ,0.240810953,21  ,8    ,23  ,10  ,9     ,3   ,0
25  ,1  ,0.157503949,12  ,5    ,5   ,6   ,6     ,3   ,0
45  ,4  ,0.657556609,14  ,10   ,20  ,21  ,20    ,3   ,0
36  ,4  ,0.115903107,11  ,11   ,6   ,16  ,15    ,3   ,0
55  ,1  ,0.949763033,14  ,13   ,1   ,37  ,36    ,3   ,0
47  ,2  ,0.570826751,12  ,9    ,29  ,10  ,10    ,2   ,1
28  ,4  ,0.055871511,23  ,4    ,9   ,5   ,5     ,2   ,0
37  ,4  ,0.289257504,14  ,1    ,6   ,7   ,5     ,4   ,0
21  ,3  ,0.116956293,17  ,0    ,3   ,3   ,3     ,4   ,0
50  ,2  ,0.954976303,14  ,6    ,4   ,28  ,10    ,2   ,0
53  ,3  ,0.872827804,16  ,3    ,3   ,21  ,5     ,2   ,0
42  ,3  ,0.205265929,25  ,6    ,1   ,20  ,20    ,3   ,0
29  ,4  ,0.186677199,18  ,9    ,2   ,10  ,10    ,2   ,0
55  ,4  ,0.232016851,19  ,8    ,20  ,12  ,10    ,3   ,0
26  ,1  ,0.196524487,13  ,3    ,11  ,5   ,5     ,3   ,0
44  ,3  ,0.113322801,22  ,0    ,24  ,19  ,1     ,1   ,1
38  ,4  ,0.249394418,14  ,2    ,23  ,10  ,2     ,3   ,0
26  ,2  ,0.071827278,13  ,2    ,16  ,5   ,3     ,3   ,1
36  ,2  ,0.183043707,12  ,7    ,3   ,10  ,8     ,3   ,0
26  ,4  ,0.25376514 ,12  ,4    ,4   ,8   ,8     ,3   ,1
37  ,4  ,0.069352291,12  ,2    ,9   ,4   ,4     ,2   ,0
18  ,3  ,0.02164297 ,13  ,0    ,3   ,0   ,0     ,3   ,1
35  ,2  ,0.369194313,15  ,9    ,16  ,12  ,11    ,2   ,0
36  ,4  ,0.14107425 ,18  ,0    ,18  ,4   ,1     ,3   ,0
51  ,2  ,0.235545024,18  ,2    ,2   ,13  ,4     ,3   ,0
41  ,2  ,0.790205371,19  ,4    ,2   ,22  ,22    ,3   ,0
28  ,1  ,0.244971037,19  ,7    ,16  ,9   ,8     ,3   ,0
31  ,4  ,0.311743023,11  ,7    ,7   ,10  ,8     ,2   ,0
39  ,4  ,0.453080569,17  ,7    ,1   ,19  ,18    ,2   ,0
32  ,3  ,0.235650342,14  ,8    ,7   ,13  ,13    ,2   ,0
58  ,3  ,0.244918378,13  ,2    ,1   ,12  ,5     ,3   ,0
31  ,4  ,0.20073723 ,12  ,3    ,5   ,6   ,5     ,3   ,0
31  ,1  ,0.284412849,12  ,0    ,2   ,9   ,2     ,3   ,0
45  ,1  ,0.221221696,18  ,11   ,7   ,24  ,24    ,3   ,0
31  ,4  ,0.08878357 ,18  ,2    ,2   ,3   ,2     ,1   ,0
39  ,1  ,0.845655608,14  ,10   ,10  ,21  ,21    ,3   ,0
52  ,2  ,0.207056345,15  ,7    ,8   ,11  ,8     ,2   ,1
27  ,3  ,0.182675092,11  ,4    ,2   ,5   ,5     ,3   ,0
31  ,4  ,0.344286467,12  ,7    ,7   ,13  ,7     ,3   ,0
28  ,4  ,0.129278568,13  ,2    ,2   ,5   ,3     ,2   ,1
39  ,4  ,0.961716693,15  ,3    ,7   ,21  ,21    ,3   ,0
33  ,4  ,0.193417588,14  ,1    ,10  ,9   ,7     ,2   ,0
47  ,3  ,0.910531859,11  ,1    ,5   ,21  ,3     ,3   ,0
27  ,2  ,0.281200632,13  ,4    ,1   ,6   ,5     ,3   ,0
45  ,4  ,0.141548183,14  ,8    ,8   ,12  ,10    ,3   ,0
40  ,4  ,0.33954713 ,22  ,2    ,1   ,6   ,4     ,2   ,0
29  ,1  ,0.058451817,11  ,7    ,8   ,7   ,7     ,2   ,1
29  ,4  ,0.156608741,17  ,2    ,9   ,4   ,3     ,3   ,0
37  ,4  ,0.281095313,16  ,4    ,5   ,8   ,6     ,2   ,0
38  ,4  ,0.55297525 ,14  ,9    ,15  ,12  ,11    ,3   ,0
35  ,2  ,0.37314376 ,13  ,13   ,5   ,17  ,16    ,3   ,0
23  ,4  ,0.099789363,12  ,2    ,26  ,4   ,4     ,2   ,0
41  ,2  ,0.264507636,15  ,2    ,6   ,8   ,5     ,3   ,0
47  ,3  ,0.103580832,19  ,0    ,4   ,5   ,0     ,3   ,0
29  ,3  ,0.191679831,14  ,2    ,2   ,4   ,4     ,2   ,0
42  ,3  ,0.08883623 ,11  ,0    ,2   ,4   ,3     ,3   ,0
37  ,1  ,0.261453397,13  ,7    ,6   ,13  ,7     ,3   ,0
26  ,3  ,0.225750395,17  ,7    ,1   ,8   ,8     ,3   ,0
42  ,4  ,0.303949447,23  ,0    ,2   ,14  ,1     ,3   ,0
36  ,4  ,0.457609268,11  ,12   ,3   ,16  ,13    ,3   ,0
57  ,3  ,0.302580305,11  ,2    ,1   ,15  ,3     ,3   ,0
21  ,4  ,0.08430753 ,24  ,2    ,9   ,3   ,3     ,2   ,0
41  ,2  ,0.439494471,18  ,7    ,4   ,8   ,8     ,3   ,1
50  ,4  ,0.499578726,15  ,3    ,10  ,20  ,4     ,3   ,0
40  ,3  ,0.28283307 ,12  ,0    ,22  ,8   ,6     ,3   ,1
31  ,2  ,0.086782517,16  ,2    ,9   ,3   ,2     ,3   ,0
29  ,4  ,0.062769879,16  ,2    ,23  ,6   ,3     ,3   ,0
35  ,2  ,0.291258557,19  ,0    ,9   ,10  ,1     ,3   ,0
27  ,2  ,0.147814639,11  ,4    ,1   ,5   ,5     ,3   ,0
28  ,4  ,0.223486045,16  ,7    ,9   ,7   ,7     ,3   ,0
49  ,3  ,0.524275935,24  ,0    ,7   ,26  ,5     ,3   ,0
34  ,4  ,0.226171669,13  ,4    ,19  ,9   ,5     ,2   ,1
30  ,2  ,0.077251185,18  ,0    ,2   ,1   ,1     ,3   ,0
26  ,1  ,0.110215903,22  ,4    ,3   ,7   ,6     ,3   ,1
36  ,3  ,0.346866772,13  ,0    ,2   ,10  ,10    ,3   ,0
30  ,4  ,0.06719326 ,23  ,0    ,4   ,3   ,1     ,3   ,1
37  ,2  ,0.16787783 ,12  ,1    ,10  ,18  ,1     ,2   ,0
43  ,2  ,0.701790416,11  ,9    ,12  ,25  ,25    ,3   ,0
54  ,1  ,0.968773038,11  ,2    ,5   ,24  ,4     ,2   ,0
43  ,4  ,0.065771459,20  ,2    ,21  ,8   ,3     ,3   ,0
31  ,1  ,0.063665087,12  ,2    ,1   ,4   ,4     ,3   ,0
39  ,3  ,0.957767246,14  ,6    ,1   ,21  ,21    ,3   ,0
41  ,1  ,0.38878357 ,16  ,7    ,1   ,10  ,10    ,3   ,0
28  ,1  ,0.186887836,12  ,8    ,17  ,10  ,10    ,3   ,0
25  ,1  ,0.159136388,13  ,2    ,3   ,6   ,2     ,3   ,1
52  ,3  ,0.366508689,14  ,4    ,3   ,28  ,5     ,3   ,0
45  ,4  ,0.086624539,21  ,2    ,10  ,8   ,2     ,2   ,0
38  ,4  ,0.036492891,23  ,0    ,2   ,1   ,1     ,3   ,0
30  ,4  ,0.057293312,15  ,4    ,3   ,9   ,5     ,1   ,0
29  ,3  ,0.57535545 ,18  ,7    ,3   ,10  ,10    ,3   ,0
19  ,4  ,0.081885203,12  ,0    ,2   ,1   ,1     ,4   ,1
57  ,4  ,0.69031069 ,12  ,0    ,29  ,32  ,1     ,2   ,0
50  ,3  ,0.844497104,15  ,7    ,29  ,28  ,27    ,3   ,0
46  ,3  ,0.887414429,13  ,1    ,2   ,26  ,3     ,1   ,0
35  ,3  ,0.169615587,15  ,3    ,22  ,6   ,5     ,3   ,0
34  ,3  ,0.092627699,12  ,7    ,2   ,14  ,7     ,3   ,0
31  ,2  ,0.507582938,25  ,8    ,9   ,13  ,13    ,4   ,0
33  ,3  ,0.663559768,12  ,7    ,15  ,15  ,7     ,4   ,1
33  ,4  ,0.126329647,13  ,3    ,10  ,8   ,4     ,3   ,1
30  ,2  ,0.103949447,14  ,2    ,7   ,4   ,3     ,3   ,0
35  ,3  ,0.348762507,12  ,0    ,16  ,10  ,8     ,3   ,0
31  ,3  ,0.46419168 ,12  ,0    ,20  ,12  ,1     ,3   ,1
42  ,3  ,0.057082675,17  ,0    ,5   ,8   ,2     ,3   ,0
36  ,4  ,0.47240653 ,14  ,7    ,10  ,10  ,10    ,2   ,0
22  ,3  ,0.151922064,16  ,2    ,4   ,4   ,2     ,3   ,1
41  ,4  ,0.274934176,14  ,10   ,10  ,16  ,14    ,3   ,0
35  ,3  ,0.195260664,11  ,9    ,1   ,15  ,11    ,3   ,0
31  ,4  ,0.293470247,13  ,5    ,2   ,10  ,6     ,4   ,0
42  ,1  ,0.336861506,21  ,8    ,24  ,10  ,10    ,2   ,0
45  ,2  ,0.199894681,19  ,7    ,2   ,9   ,8     ,4   ,0
29  ,4  ,0.171300685,12  ,2    ,19  ,8   ,3     ,4   ,0
31  ,4  ,0.555450237,21  ,1    ,7   ,10  ,5     ,2   ,0
18  ,2  ,0.045760927,14  ,0    ,5   ,0   ,0     ,3   ,1
40  ,1  ,0.522538178,15  ,1    ,28  ,20  ,1     ,3   ,0
26  ,3  ,0.173617694,12  ,0    ,29  ,8   ,0     ,3   ,0
34  ,4  ,0.227909426,12  ,7    ,21  ,10  ,10    ,3   ,0
26  ,4  ,0.070089521,18  ,0    ,24  ,1   ,1     ,1   ,1
37  ,2  ,0.412058978,13  ,7    ,9   ,9   ,9     ,3   ,0
52  ,1  ,0.240547657,12  ,9    ,6   ,18  ,10    ,3   ,0
32  ,3  ,0.194734071,12  ,2    ,11  ,6   ,4     ,3   ,1
24  ,4  ,0.073249078,13  ,1    ,24  ,3   ,2     ,3   ,0
49  ,3  ,0.973828331,17  ,9    ,18  ,31  ,31    ,3   ,0
24  ,4  ,0.090363349,11  ,4    ,23  ,6   ,6     ,3   ,0
26  ,2  ,0.277145866,20  ,4    ,28  ,6   ,5     ,4   ,0
24  ,2  ,0.058873091,21  ,0    ,17  ,1   ,1     ,3   ,0
50  ,2  ,0.905265929,11  ,7    ,3   ,32  ,32    ,3   ,0
25  ,3  ,0.057240653,11  ,6    ,13  ,7   ,7     ,3   ,0
30  ,1  ,0.053923117,18  ,0    ,12  ,1   ,1     ,4   ,1
34  ,4  ,0.137598736,13  ,3    ,1   ,6   ,6     ,3   ,0
31  ,1  ,0.169773565,17  ,2    ,13  ,9   ,3     ,1   ,1
35  ,4  ,0.140705635,14  ,2    ,25  ,9   ,3     ,3   ,0
31  ,4  ,0.234386519,22  ,7    ,6   ,13  ,7     ,4   ,0
37  ,3  ,0.452501316,11  ,0    ,2   ,17  ,3     ,2   ,0
43  ,4  ,0.822432859,14  ,0    ,6   ,21  ,1     ,2   ,0
43  ,3  ,0.245918905,13  ,7    ,9   ,10  ,8     ,3   ,0
27  ,1  ,0.107003686,11  ,2    ,2   ,5   ,4     ,3   ,1
21  ,3  ,0.12838336 ,11  ,2    ,22  ,3   ,3     ,3   ,0
44  ,4  ,0.974407583,12  ,1    ,3   ,26  ,2     ,4   ,0
22  ,3  ,0.092890995,20  ,2    ,6   ,3   ,2     ,3   ,0
33  ,3  ,0.320958399,12  ,2    ,8   ,6   ,5     ,3   ,0
34  ,4  ,0.088572933,12  ,8    ,1   ,10  ,10    ,2   ,0
37  ,3  ,0.443654555,15  ,8    ,3   ,10  ,10    ,3   ,0
35  ,4  ,0.296840442,13  ,8    ,6   ,17  ,17    ,3   ,0
33  ,4  ,0.353659821,23  ,7    ,6   ,15  ,13    ,1   ,0
54  ,2  ,0.511637704,15  ,1    ,19  ,16  ,9     ,4   ,0
36  ,2  ,0.412743549,11  ,2    ,9   ,13  ,3     ,3   ,0
27  ,4  ,0.054555029,13  ,1    ,3   ,5   ,4     ,3   ,0
20  ,3  ,0          ,11  ,1    ,10  ,1   ,1     ,3   ,1
33  ,1  ,0.12317009 ,11  ,7    ,3   ,10  ,10    ,3   ,1
35  ,3  ,0.014323328,18  ,0    ,3   ,1   ,1     ,3   ,0
23  ,1  ,0.095313323,16  ,2    ,4   ,5   ,3     ,4   ,0
25  ,2  ,0.202317009,22  ,2    ,8   ,4   ,3     ,3   ,0
29  ,4  ,0.090100053,18  ,8    ,1   ,10  ,10    ,3   ,0
48  ,2  ,0.374460242,12  ,2    ,2   ,12  ,2     ,3   ,0
37  ,4  ,0.19331227 ,17  ,0    ,10  ,4   ,1     ,3   ,0
50  ,3  ,0.116482359,11  ,8    ,28  ,20  ,20    ,3   ,0
32  ,4  ,0.231016324,12  ,8    ,10  ,10  ,10    ,2   ,0
50  ,3  ,0.304739336,14  ,3    ,8   ,18  ,4     ,3   ,1
47  ,1  ,0.208056872,12  ,7    ,14  ,20  ,7     ,3   ,0
40  ,1  ,0.49847288 ,21  ,12   ,5   ,20  ,18    ,3   ,0
53  ,3  ,0.726961559,19  ,3    ,7   ,32  ,5     ,3   ,0
41  ,4  ,0.954818325,15  ,6    ,10  ,23  ,21    ,2   ,0
60  ,1  ,0.231490258,14  ,2    ,16  ,10  ,2     ,3   ,0
27  ,1  ,0.409899947,21  ,7    ,10  ,9   ,9     ,2   ,0
41  ,3  ,0.957345972,12  ,10   ,1   ,22  ,22    ,3   ,0
50  ,2  ,0.150921538,15  ,2    ,8   ,4   ,2     ,3   ,0
44  ,3  ,0.142127435,14  ,4    ,24  ,9   ,5     ,3   ,0
30  ,4  ,0.226171669,23  ,7    ,27  ,10  ,8     ,2   ,0
29  ,3  ,0.085992628,11  ,0    ,10  ,1   ,1     ,3   ,0
42  ,3  ,0.092153765,12  ,2    ,19  ,7   ,2     ,3   ,1
43  ,4  ,0.305160611,18  ,2    ,15  ,7   ,2     ,3   ,0
23  ,1  ,0.078515008,14  ,2    ,9   ,5   ,4     ,4   ,0
56  ,4  ,0.531542917,11  ,1    ,9   ,30  ,10    ,2   ,0
29  ,2  ,0.067825171,14  ,2    ,10  ,2   ,2     ,3   ,0
53  ,4  ,0.075882043,17  ,2    ,6   ,19  ,2     ,3   ,0
32  ,4  ,0.226434966,15  ,7    ,24  ,10  ,10    ,3   ,0
38  ,3  ,0.107846235,13  ,1    ,2   ,6   ,1     ,1   ,0
52  ,1  ,0.834491838,11  ,16   ,3   ,34  ,34    ,4   ,0
33  ,4  ,0.088309637,13  ,8    ,1   ,10  ,10    ,2   ,1
45  ,3  ,0.296103212,13  ,1    ,2   ,9   ,8     ,3   ,0
23  ,3  ,0.131437599,18  ,2    ,10  ,2   ,2     ,3   ,0
34  ,4  ,0.277251185,22  ,4    ,2   ,6   ,6     ,3   ,0
55  ,1  ,0.992627699,13  ,4    ,2   ,24  ,5     ,3   ,1
36  ,1  ,0.346392838,15  ,9    ,8   ,10  ,10    ,3   ,0
52  ,4  ,0.171090047,18  ,2    ,19  ,5   ,4     ,3   ,0
26  ,1  ,0.227330174,17  ,2    ,8   ,6   ,4     ,2   ,1
27  ,4  ,0.175513428,19  ,1    ,8   ,5   ,4     ,3   ,0
30  ,3  ,0.148709847,21  ,2    ,1   ,7   ,2     ,3   ,0
42  ,4  ,0.917377567,13  ,9    ,8   ,24  ,24    ,2   ,0
23  ,1  ,0.031174302,21  ,0    ,6   ,1   ,0     ,3   ,1
24  ,2  ,0.088730911,11  ,0    ,9   ,1   ,1     ,3   ,0
50  ,3  ,0.875724065,16  ,3    ,2   ,30  ,4     ,3   ,0
33  ,3  ,0.562506582,11  ,7    ,7   ,14  ,13    ,4   ,0
29  ,3  ,0.089046867,24  ,7    ,23  ,10  ,10    ,3   ,0
58  ,2  ,0.960347551,12  ,8    ,2   ,40  ,31    ,3   ,1
28  ,3  ,0.1776198  ,17  ,1    ,2   ,5   ,2     ,2   ,1
36  ,2  ,0.05971564 ,13  ,4    ,13  ,8   ,5     ,3   ,0
40  ,3  ,0.215113217,14  ,0    ,16  ,10  ,1     ,3   ,0
42  ,2  ,0.180358083,13  ,8    ,29  ,10  ,9     ,2   ,0
38  ,1  ,0.277988415,15  ,2    ,12  ,13  ,4     ,2   ,0
55  ,4  ,0.218588731,16  ,3    ,2   ,12  ,9     ,2   ,1
43  ,1  ,0.850447604,24  ,0    ,14  ,22  ,4     ,3   ,0
27  ,4  ,0.621327014,16  ,8    ,5   ,9   ,9     ,3   ,0
35  ,3  ,0.48509742 ,21  ,6    ,7   ,17  ,8     ,4   ,0
34  ,4  ,0.143654555,19  ,2    ,3   ,4   ,3     ,1   ,0
27  ,4  ,0.036703528,11  ,0    ,3   ,0   ,0     ,2   ,0
44  ,2  ,0.259294365,12  ,3    ,4   ,10  ,5     ,2   ,0
25  ,1  ,0.127172196,13  ,1    ,2   ,6   ,4     ,2   ,0
33  ,1  ,0.159452343,22  ,8    ,1   ,9   ,9     ,3   ,0
36  ,4  ,0.273407056,14  ,11   ,1   ,18  ,18    ,2   ,0
32  ,4  ,0.178725645,11  ,3    ,13  ,8   ,5     ,2   ,0
30  ,4  ,0.144918378,12  ,3    ,5   ,10  ,5     ,2   ,0
45  ,1  ,0.513533439,12  ,2    ,9   ,18  ,5     ,3   ,0
37  ,3  ,0.280410742,19  ,0    ,16  ,9   ,1     ,3   ,0
28  ,4  ,0.206793049,13  ,4    ,8   ,6   ,5     ,3   ,0
22  ,4  ,0.198314903,22  ,2    ,1   ,4   ,2     ,1   ,0
44  ,4  ,0.095260664,24  ,2    ,8   ,10  ,3     ,2   ,0
42  ,4  ,0.079304897,14  ,2    ,2   ,8   ,2     ,3   ,0
36  ,1  ,0.070194839,21  ,3    ,8   ,6   ,5     ,3   ,0
25  ,1  ,0.167719853,18  ,3    ,3   ,5   ,5     ,3   ,0
32  ,4  ,0.068720379,12  ,2    ,1   ,4   ,3     ,3   ,0
25  ,1  ,0.170984729,12  ,3    ,4   ,5   ,5     ,4   ,0
24  ,4  ,0.113375461,17  ,4    ,4   ,6   ,5     ,2   ,0
32  ,2  ,0.290416008,14  ,3    ,5   ,10  ,10    ,3   ,0
38  ,2  ,0.099526066,19  ,2    ,9   ,3   ,2     ,3   ,0
31  ,4  ,0.07093207 ,19  ,2    ,11  ,8   ,6     ,3   ,0
53  ,4  ,0.57014218 ,14  ,2    ,8   ,28  ,2     ,3   ,0
35  ,2  ,0.521011058,16  ,8    ,25  ,16  ,13    ,3   ,0
37  ,2  ,0.3492891  ,13  ,9    ,19  ,10  ,10    ,3   ,0
50  ,1  ,0.890731964,11  ,7    ,2   ,31  ,31    ,3   ,0
33  ,2  ,0.066771985,11  ,3    ,3   ,7   ,4     ,4   ,0
32  ,4  ,0.0940495  ,24  ,1    ,25  ,1   ,1     ,1   ,1
44  ,1  ,0.081621906,13  ,1    ,9   ,8   ,8     ,3   ,0
28  ,4  ,0.205318589,14  ,2    ,5   ,4   ,4     ,3   ,0
58  ,4  ,0.072195893,14  ,0    ,2   ,3   ,1     ,2   ,1
36  ,4  ,0.293680885,17  ,11   ,14  ,17  ,16    ,2   ,0
39  ,1  ,0.073459716,21  ,2    ,6   ,8   ,2     ,1   ,1
34  ,2  ,0.052606635,14  ,0    ,10  ,1   ,1     ,3   ,0
33  ,1  ,0.094260137,11  ,2    ,1   ,6   ,3     ,3   ,0
31  ,3  ,0.069510269,15  ,2    ,7   ,13  ,7     ,4   ,0
48  ,3  ,0.065824118,17  ,0    ,20  ,13  ,0     ,2   ,0
36  ,4  ,0.193206951,18  ,1    ,7   ,8   ,6     ,3   ,0
25  ,2  ,0.073933649,18  ,0    ,19  ,1   ,1     ,3   ,1
40  ,2  ,0.457925224,12  ,0    ,10  ,11  ,1     ,2   ,0
26  ,1  ,0.172985782,12  ,7    ,1   ,7   ,7     ,3   ,0
41  ,1  ,0.195471301,13  ,17   ,6   ,20  ,18    ,3   ,0
36  ,3  ,0.079515534,21  ,9    ,2   ,16  ,11    ,3   ,0
19  ,2  ,0.058557135,13  ,0    ,21  ,1   ,1     ,4   ,1
20  ,1  ,0.103422854,19  ,0    ,4   ,1   ,1     ,3   ,1
40  ,2  ,0.13733544 ,14  ,0    ,9   ,3   ,1     ,3   ,0
36  ,4  ,0.490573986,11  ,7    ,3   ,16  ,16    ,3   ,1
37  ,3  ,0.505529226,11  ,7    ,1   ,17  ,14    ,1   ,1
45  ,2  ,0.181042654,12  ,8    ,4   ,9   ,9     ,2   ,0
52  ,4  ,0.847288046,15  ,8    ,1   ,26  ,9     ,2   ,0
58  ,3  ,0.077409163,24  ,0    ,2   ,7   ,1     ,3   ,1
53  ,3  ,0.728962612,13  ,2    ,2   ,22  ,17    ,4   ,0
30  ,3  ,0.329383886,11  ,7    ,8   ,10  ,8     ,4   ,0
35  ,4  ,0.358820432,13  ,8    ,3   ,12  ,10    ,3   ,0
39  ,3  ,0.361822012,18  ,7    ,2   ,9   ,8     ,3   ,0
47  ,3  ,0.213691417,19  ,7    ,16  ,20  ,19    ,4   ,0
36  ,4  ,0.214323328,13  ,7    ,8   ,12  ,7     ,3   ,0
31  ,1  ,0.069088994,22  ,2    ,9   ,4   ,3     ,3   ,1
33  ,3  ,0.865455503,11  ,0    ,17  ,10  ,10    ,3   ,0
50  ,4  ,0.863085835,22  ,3    ,1   ,32  ,5     ,2   ,0
41  ,3  ,0.969457609,17  ,11   ,9   ,21  ,18    ,4   ,0
45  ,1  ,0.138177988,15  ,8    ,23  ,9   ,9     ,3   ,0
50  ,3  ,0.682675092,18  ,5    ,24  ,22  ,12    ,3   ,0
38  ,3  ,0.088204318,17  ,2    ,10  ,3   ,2     ,2   ,0
46  ,3  ,0.517956819,13  ,7    ,7   ,13  ,8     ,3   ,0
35  ,2  ,0.143970511,24  ,2    ,14  ,5   ,4     ,1   ,1
18  ,4  ,0.00221169 ,15  ,0    ,5   ,0   ,0     ,3   ,0
26  ,4  ,0.235018431,12  ,3    ,2   ,8   ,8     ,3   ,0
22  ,1  ,0.075934702,15  ,1    ,8   ,4   ,4     ,2   ,0
48  ,3  ,0.17014218 ,13  ,2    ,6   ,19  ,2     ,3   ,0
48  ,3  ,0.526066351,14  ,8    ,4   ,27  ,15    ,3   ,0
35  ,4  ,0.153133228,20  ,2    ,10  ,3   ,3     ,2   ,0
42  ,3  ,0.910689837,13  ,0    ,5   ,21  ,1     ,4   ,0
50  ,4  ,0.072195893,18  ,0    ,9   ,8   ,1     ,3   ,0
55  ,2  ,0.283096367,14  ,7    ,18  ,17  ,8     ,3   ,0
38  ,4  ,0.308162191,12  ,0    ,3   ,19  ,1     ,3   ,0
26  ,1  ,0.208530806,18  ,2    ,29  ,7   ,2     ,3   ,1
34  ,4  ,0.45897841 ,11  ,9    ,1   ,16  ,15    ,2   ,0
59  ,4  ,0.573723012,14  ,4    ,1   ,14  ,6     ,1   ,0
45  ,2  ,0.061506056,16  ,4    ,24  ,6   ,6     ,3   ,0
36  ,3  ,0.201421801,14  ,0    ,15  ,9   ,1     ,2   ,1
26  ,1  ,0.054397051,14  ,2    ,2   ,6   ,3     ,3   ,1
28  ,2  ,0.00226435 ,22  ,0    ,10  ,1   ,1     ,3   ,0
38  ,3  ,0.095418641,16  ,2    ,3   ,8   ,2     ,3   ,0
50  ,3  ,0.959873618,11  ,7    ,2   ,29  ,8     ,2   ,0
40  ,1  ,0.388994207,14  ,5    ,26  ,8   ,7     ,2   ,0
46  ,4  ,0.980410742,17  ,2    ,1   ,23  ,2     ,3   ,0
55  ,1  ,0.829225908,15  ,2    ,2   ,31  ,9     ,4   ,0
43  ,4  ,0.515481833,13  ,0    ,25  ,18  ,1     ,3   ,0
51  ,3  ,0.076461295,12  ,7    ,4   ,18  ,10    ,4   ,1
28  ,1  ,0.406161137,12  ,9    ,24  ,10  ,10    ,2   ,1
26  ,1  ,0.155134281,16  ,3    ,1   ,6   ,5     ,3   ,0
30  ,1  ,0.471195366,15  ,2    ,20  ,7   ,6     ,2   ,0
40  ,4  ,0.490416008,20  ,1    ,20  ,14  ,11    ,3   ,0
27  ,3  ,0.190205371,19  ,2    ,8   ,3   ,3     ,3   ,0
55  ,2  ,0.524855187,18  ,2    ,2   ,23  ,3     ,3   ,0
44  ,1  ,0.498841496,14  ,6    ,1   ,24  ,20    ,3   ,1
33  ,4  ,0.321748289,15  ,2    ,5   ,9   ,3     ,3   ,0
35  ,1  ,0.451448131,22  ,7    ,4   ,9   ,8     ,3   ,1
28  ,3  ,0.063085835,16  ,2    ,15  ,4   ,4     ,2   ,0
34  ,4  ,0.355292259,17  ,4    ,3   ,7   ,6     ,2   ,0
25  ,4  ,0.141232227,15  ,6    ,4   ,7   ,7     ,4   ,1
26  ,3  ,0.072037915,20  ,0    ,21  ,1   ,1     ,2   ,1
33  ,2  ,0.06866772 ,20  ,2    ,25  ,5   ,2     ,3   ,1
42  ,1  ,0.877093207,17  ,7    ,2   ,23  ,22    ,3   ,0
28  ,2  ,0.0835703  ,15  ,0    ,1   ,1   ,1     ,3   ,1
50  ,3  ,0.195839916,14  ,0    ,1   ,5   ,0     ,3   ,1
34  ,4  ,0.10373881 ,17  ,0    ,3   ,6   ,0     ,3   ,0
48  ,4  ,0.836018957,22  ,1    ,1   ,27  ,5     ,2   ,0
52  ,2  ,0.496893102,19  ,0    ,7   ,18  ,8     ,3   ,0
38  ,3  ,0.407109005,14  ,7    ,10  ,9   ,8     ,3   ,0
46  ,3  ,0.866561348,12  ,9    ,3   ,23  ,12    ,3   ,0
38  ,2  ,0.333965245,16  ,0    ,2   ,10  ,1     ,3   ,0
39  ,4  ,0.587677725,11  ,5    ,2   ,21  ,18    ,3   ,1
40  ,3  ,0.980358083,14  ,9    ,14  ,21  ,20    ,4   ,0
39  ,2  ,0.304002106,15  ,3    ,9   ,9   ,5     ,2   ,0
36  ,4  ,0.356503423,20  ,9    ,18  ,18  ,11    ,3   ,0
31  ,4  ,0.093838863,12  ,2    ,20  ,3   ,2     ,3   ,0
28  ,2  ,0.115429173,17  ,4    ,2   ,6   ,5     ,1   ,0
35  ,4  ,0.208478146,11  ,2    ,11  ,5   ,5     ,3   ,0
49  ,2  ,0.637756714,17  ,3    ,8   ,22  ,9     ,3   ,0
34  ,3  ,0.159241706,11  ,2    ,2   ,5   ,3     ,2   ,0
42  ,4  ,0.171827278,19  ,0    ,29  ,16  ,1     ,3   ,0
29  ,4  ,0.213112164,15  ,2    ,8   ,10  ,10    ,2   ,0
38  ,3  ,0.096629805,13  ,0    ,1   ,7   ,7     ,4   ,0
28  ,3  ,0.089204845,14  ,2    ,6   ,3   ,3     ,3   ,0
18  ,3  ,0.047130068,12  ,0    ,8   ,0   ,0     ,3   ,1
41  ,4  ,0.197840969,11  ,0    ,12  ,6   ,1     ,3   ,0
31  ,3  ,0.08430753 ,12  ,2    ,15  ,2   ,2     ,2   ,1
27  ,3  ,0.08056872 ,13  ,2    ,6   ,4   ,4     ,3   ,0
35  ,3  ,0.174512902,17  ,4    ,8   ,6   ,5     ,1   ,0
42  ,1  ,0.671353344,12  ,14   ,12  ,22  ,21    ,2   ,1
42  ,1  ,0.218325434,13  ,5    ,4   ,9   ,6     ,4   ,0
35  ,3  ,0.065771459,12  ,7    ,1   ,10  ,8     ,3   ,0
24  ,2  ,0.136282254,22  ,2    ,24  ,6   ,4     ,3   ,0
26  ,4  ,0.179620853,22  ,7    ,3   ,8   ,8     ,3   ,0
30  ,3  ,0.29325961 ,18  ,4    ,10  ,10  ,10    ,3   ,0
35  ,2  ,0.487888362,18  ,4    ,2   ,15  ,7     ,4   ,0
34  ,1  ,0.228225382,20  ,9    ,1   ,14  ,13    ,3   ,0
35  ,4  ,0.071985255,13  ,2    ,4   ,2   ,2     ,4   ,0
19  ,1  ,0.081253291,25  ,0    ,9   ,1   ,1     ,3   ,0
20  ,3  ,0.106582412,12  ,2    ,3   ,2   ,2     ,2   ,0
44  ,3  ,0.10147446 ,11  ,2    ,10  ,6   ,6     ,3   ,1
22  ,4  ,0.097103739,11  ,0    ,3   ,1   ,0     ,3   ,1
44  ,3  ,0.067456556,13  ,0    ,17  ,6   ,0     ,3   ,0
33  ,3  ,0.136440232,13  ,4    ,2   ,5   ,5     ,3   ,0
41  ,1  ,0.057819905,17  ,0    ,5   ,5   ,1     ,1   ,1
30  ,1  ,0.163559768,19  ,3    ,29  ,8   ,4     ,3   ,0
40  ,2  ,0.174723539,12  ,0    ,2   ,5   ,0     ,3   ,0
28  ,1  ,0.115165877,12  ,3    ,19  ,6   ,6     ,3   ,0
46  ,2  ,0.951658768,11  ,3    ,15  ,25  ,4     ,3   ,0
35  ,1  ,0.419010005,15  ,7    ,17  ,15  ,7     ,3   ,0
36  ,3  ,0.091205898,14  ,7    ,6   ,7   ,7     ,3   ,0
30  ,3  ,0.130700369,13  ,9    ,7   ,10  ,10    ,2   ,0
44  ,4  ,0.185992628,25  ,17   ,29  ,20  ,20    ,3   ,0
20  ,4  ,0.087888362,17  ,2    ,21  ,2   ,2     ,3   ,0
46  ,4  ,0.335439705,11  ,4    ,2   ,12  ,6     ,2   ,0
42  ,1  ,0.277145866,16  ,3    ,2   ,10  ,4     ,4   ,0
60  ,4  ,0.221748289,18  ,9    ,7   ,12  ,11    ,3   ,0
33  ,4  ,0.09331227 ,13  ,10   ,9   ,15  ,14    ,3   ,0
25  ,4  ,0.207530279,14  ,1    ,10  ,5   ,4     ,3   ,0
30  ,2  ,0.135334387,21  ,7    ,1   ,12  ,11    ,3   ,0
27  ,1  ,0.064560295,14  ,8    ,14  ,9   ,9     ,2   ,0
54  ,4  ,0.883096367,14  ,9    ,3   ,36  ,10    ,3   ,0
31  ,1  ,0.30668773 ,12  ,1    ,11  ,6   ,6     ,2   ,0
43  ,4  ,0.986361243,14  ,7    ,3   ,25  ,8     ,3   ,0
49  ,3  ,0.932174829,13  ,0    ,4   ,23  ,1     ,4   ,0
36  ,2  ,0.141284887,12  ,7    ,3   ,12  ,11    ,2   ,0
48  ,2  ,0.081621906,11  ,0    ,2   ,7   ,1     ,2   ,0
27  ,3  ,0.079410216,11  ,3    ,4   ,5   ,5     ,3   ,0
29  ,4  ,0.295629279,11  ,0    ,7   ,6   ,6     ,3   ,0
48  ,4  ,0.908688784,12  ,0    ,1   ,25  ,1     ,4   ,0
44  ,2  ,0.9059505  ,11  ,10   ,5   ,26  ,22    ,3   ,0
33  ,3  ,0.388151659,14  ,8    ,10  ,10  ,9     ,3   ,0
23  ,3  ,0.011269089,22  ,1    ,1   ,1   ,1     ,3   ,0
25  ,4  ,0.005739863,14  ,0    ,24  ,1   ,1     ,3   ,1
26  ,4  ,0.098262243,20  ,2    ,4   ,8   ,8     ,2   ,0
55  ,2  ,0.661822012,15  ,0    ,8   ,34  ,33    ,3   ,0
51  ,2  ,0.991995787,24  ,10   ,9   ,31  ,29    ,2   ,0
59  ,4  ,0.500421274,12  ,4    ,18  ,25  ,9     ,2   ,0
28  ,3  ,0.060294892,11  ,2    ,1   ,5   ,4     ,2   ,0
44  ,1  ,0.957398631,14  ,13   ,4   ,26  ,25    ,2   ,0
34  ,2  ,0.183307004,11  ,8    ,11  ,14  ,10    ,4   ,0
35  ,3  ,0.131490258,14  ,2    ,6   ,4   ,3     ,3   ,0
28  ,4  ,0.150500263,12  ,2    ,2   ,2   ,2     ,3   ,0
28  ,1  ,0.056398104,11  ,2    ,1   ,5   ,3     ,2   ,0
32  ,4  ,0.273828331,15  ,8    ,8   ,10  ,10    ,4   ,0
58  ,3  ,0.071774618,12  ,2    ,23  ,2   ,2     ,3   ,0
32  ,3  ,0.204002106,18  ,1    ,7   ,10  ,10    ,3   ,1
39  ,1  ,0.152448657,13  ,3    ,23  ,6   ,5     ,3   ,1
40  ,2  ,0.425750395,12  ,0    ,25  ,9   ,5     ,3   ,1
52  ,2  ,0.391627172,19  ,7    ,5   ,10  ,8     ,2   ,1
39  ,3  ,0.185624013,11  ,7    ,18  ,9   ,8     ,3   ,0
41  ,2  ,0.270774092,13  ,9    ,10  ,19  ,19    ,3   ,0
44  ,1  ,0.071248025,12  ,2    ,3   ,10  ,3     ,4   ,1
42  ,3  ,0.887414429,13  ,10   ,2   ,21  ,20    ,2   ,0
56  ,2  ,0.985150079,14  ,7    ,8   ,36  ,7     ,3   ,0
40  ,3  ,0.133491311,16  ,0    ,16  ,6   ,4     ,3   ,0
34  ,4  ,0.394470774,11  ,6    ,9   ,10  ,9     ,2   ,0
40  ,4  ,0.192311743,13  ,8    ,2   ,9   ,9     ,3   ,0
35  ,3  ,0.170616114,11  ,1    ,4   ,9   ,9     ,3   ,0
51  ,2  ,0.685466035,11  ,10   ,5   ,33  ,33    ,3   ,0
25  ,4  ,0.140073723,11  ,2    ,19  ,7   ,3     ,2   ,0
40  ,2  ,0.072564508,22  ,3    ,1   ,7   ,4     ,3   ,0
48  ,4  ,0.362769879,11  ,8    ,4   ,11  ,10    ,3   ,0
27  ,4  ,0.213902054,20  ,0    ,2   ,8   ,6     ,3   ,0
55  ,3  ,0.668035808,17  ,8    ,13  ,24  ,19    ,2   ,1
56  ,2  ,0.652606635,12  ,9    ,23  ,33  ,19    ,3   ,0
34  ,3  ,0.232754081,13  ,7    ,29  ,10  ,8     ,3   ,0
38  ,3  ,0.08430753 ,11  ,3    ,7   ,4   ,4     ,3   ,0
28  ,1  ,0.195629279,11  ,4    ,26  ,5   ,5     ,3   ,0
31  ,3  ,0.272248552,15  ,7    ,22  ,10  ,10    ,2   ,1
39  ,4  ,0.269141654,12  ,4    ,21  ,8   ,5     ,4   ,0
51  ,2  ,0.504844655,11  ,2    ,2   ,14  ,4     ,3   ,0
37  ,3  ,0.104634018,15  ,3    ,4   ,8   ,6     ,3   ,0
33  ,4  ,0.473354397,13  ,2    ,5   ,8   ,5     ,4   ,0
32  ,2  ,0.161611374,13  ,2    ,2   ,4   ,3     ,2   ,0
39  ,3  ,0.521906266,21  ,5    ,25  ,13  ,6     ,3   ,0
25  ,3  ,0.275039494,11  ,2    ,18  ,6   ,3     ,2   ,0
26  ,4  ,0.152448657,12  ,1    ,2   ,5   ,4     ,3   ,0
35  ,4  ,0.439863086,11  ,2    ,18  ,10  ,2     ,3   ,0
25  ,4  ,0.116903633,11  ,2    ,1   ,7   ,3     ,2   ,0
26  ,1  ,0.135281727,12  ,7    ,7   ,8   ,7     ,3   ,0
29  ,1  ,0.367509215,13  ,9    ,17  ,10  ,10    ,2   ,0
49  ,1  ,0.172459189,20  ,3    ,28  ,20  ,4     ,3   ,1
55  ,4  ,0.722643497,13  ,0    ,1   ,31  ,7     ,4   ,0
34  ,1  ,0.104634018,14  ,3    ,1   ,10  ,4     ,3   ,0
27  ,1  ,0.057398631,14  ,4    ,11  ,6   ,5     ,4   ,0
36  ,4  ,0.252817272,16  ,8    ,4   ,10  ,10    ,2   ,0
47  ,4  ,0.126961559,12  ,2    ,1   ,17  ,6     ,2   ,0
25  ,1  ,0.178567667,12  ,2    ,9   ,6   ,3     ,3   ,1
37  ,3  ,0.131174302,14  ,3    ,5   ,7   ,6     ,1   ,0
32  ,4  ,0.431542917,12  ,3    ,7   ,7   ,4     ,2   ,0
41  ,3  ,0.058873091,12  ,3    ,5   ,7   ,4     ,2   ,0
40  ,3  ,0.156187467,11  ,7    ,9   ,11  ,8     ,4   ,0
31  ,4  ,0.515218536,18  ,9    ,8   ,13  ,13    ,3   ,0
46  ,4  ,0.478515008,11  ,3    ,9   ,28  ,7     ,4   ,1
45  ,1  ,0.518272775,18  ,7    ,20  ,24  ,7     ,3   ,0
31  ,4  ,0.142864666,13  ,2    ,2   ,7   ,2     ,1   ,1
45  ,4  ,0.440810953,18  ,2    ,29  ,10  ,3     ,4   ,0
48  ,1  ,0.235755661,11  ,2    ,7   ,15  ,2     ,3   ,0
40  ,2  ,0.671300685,11  ,8    ,8   ,16  ,9     ,3   ,0
28  ,1  ,0.39252238 ,18  ,3    ,5   ,6   ,5     ,3   ,0
44  ,3  ,0.113375461,14  ,3    ,5   ,7   ,5     ,3   ,0
53  ,2  ,0.82090574 ,12  ,8    ,2   ,35  ,9     ,2   ,0
49  ,3  ,0.297103739,14  ,2    ,5   ,20  ,3     ,2   ,0
40  ,3  ,0.070352817,14  ,2    ,2   ,8   ,3     ,4   ,0
44  ,2  ,0.126961559,13  ,3    ,20  ,6   ,5     ,2   ,0
33  ,1  ,0.177145866,14  ,3    ,7   ,5   ,4     ,3   ,0
34  ,1  ,0.197472354,18  ,12   ,3   ,15  ,13    ,3   ,0
30  ,3  ,0.226013691,15  ,2    ,16  ,4   ,2     ,2   ,0
30  ,3  ,0.013954713,13  ,0    ,7   ,1   ,1     ,2   ,0
57  ,3  ,0.204897314,24  ,8    ,1   ,13  ,12    ,2   ,0
49  ,2  ,0.497998947,14  ,7    ,7   ,29  ,8     ,3   ,0
34  ,1  ,0.842443391,14  ,9    ,15  ,16  ,14    ,2   ,0
28  ,3  ,0.100052659,15  ,2    ,1   ,5   ,3     ,4   ,1
35  ,3  ,0.073459716,13  ,0    ,7   ,1   ,1     ,3   ,0
24  ,1  ,0.113902054,11  ,0    ,9   ,4   ,0     ,2   ,1
44  ,3  ,0.484465508,18  ,2    ,2   ,16  ,2     ,2   ,0
29  ,3  ,0.400789889,14  ,4    ,19  ,10  ,10    ,3   ,0
30  ,3  ,0.055555556,21  ,3    ,1   ,6   ,5     ,4   ,0
55  ,3  ,0.159347025,16  ,2    ,4   ,4   ,3     ,3   ,0
28  ,1  ,0.081727225,11  ,0    ,2   ,8   ,0     ,2   ,1
28  ,3  ,0.029173249,14  ,0    ,1   ,1   ,1     ,1   ,0
28  ,1  ,0.204791996,14  ,3    ,7   ,5   ,4     ,3   ,0
28  ,2  ,0.291732491,14  ,7    ,29  ,8   ,8     ,2   ,0
33  ,3  ,0.283254344,17  ,0    ,8   ,14  ,0     ,3   ,0
32  ,4  ,0.538967878,25  ,0    ,10  ,10  ,5     ,4   ,0
29  ,1  ,0.071248025,13  ,7    ,1   ,11  ,9     ,1   ,1
44  ,1  ,0.80668773 ,13  ,17   ,28  ,24  ,20    ,4   ,0
23  ,3  ,0.066508689,14  ,2    ,20  ,5   ,4     ,3   ,0
40  ,1  ,0.053133228,14  ,0    ,9   ,15  ,5     ,1   ,1
34  ,3  ,0.319852554,14  ,6    ,1   ,10  ,10    ,3   ,0
50  ,4  ,0.705739863,13  ,9    ,22  ,32  ,32    ,3   ,0
34  ,3  ,0.068404423,25  ,7    ,7   ,12  ,11    ,3   ,0
42  ,2  ,0.201790416,14  ,0    ,2   ,4   ,1     ,3   ,0
37  ,4  ,0.172511848,17  ,7    ,13  ,10  ,10    ,3   ,0
33  ,2  ,0.174354924,13  ,2    ,25  ,5   ,5     ,3   ,0
45  ,4  ,0.059136388,20  ,3    ,28  ,8   ,5     ,3   ,0
42  ,4  ,0.479989468,14  ,9    ,2   ,24  ,20    ,1   ,0
40  ,1  ,0.23507109 ,12  ,1    ,9   ,9   ,8     ,4   ,0
33  ,3  ,0.221063718,12  ,7    ,28  ,15  ,15    ,3   ,0
40  ,4  ,0.812427593,21  ,7    ,6   ,21  ,21    ,3   ,0
24  ,1  ,0.067772512,14  ,0    ,21  ,2   ,1     ,3   ,0
40  ,4  ,0.161137441,18  ,2    ,8   ,8   ,2     ,3   ,0
45  ,2  ,0.338704581,12  ,7    ,1   ,10  ,10    ,3   ,0
36  ,4  ,0.086097946,21  ,2    ,2   ,7   ,3     ,2   ,0
29  ,3  ,0.075934702,18  ,0    ,9   ,5   ,1     ,2   ,0
33  ,1  ,0.283464982,13  ,2    ,8   ,8   ,2     ,1   ,0
30  ,1  ,0.458399157,11  ,7    ,1   ,10  ,10    ,3   ,1
38  ,3  ,0.266877304,11  ,2    ,10  ,10  ,6     ,3   ,0
35  ,1  ,0.075882043,19  ,2    ,1   ,3   ,3     ,3   ,0
30  ,2  ,0.433965245,12  ,3    ,29  ,9   ,4     ,3   ,0
38  ,2  ,0.202527646,11  ,4    ,2   ,7   ,5     ,3   ,1
32  ,1  ,0.162085308,14  ,2    ,1   ,9   ,6     ,2   ,0
34  ,4  ,0.103370195,13  ,0    ,7   ,1   ,1     ,1   ,0
55  ,4  ,0.978251711,21  ,13   ,26  ,36  ,36    ,3   ,0
34  ,4  ,0.235650342,17  ,1    ,1   ,9   ,2     ,2   ,0
38  ,2  ,0.469457609,11  ,7    ,14  ,10  ,9     ,3   ,0
29  ,1  ,0.195576619,18  ,5    ,3   ,10  ,10    ,3   ,0
39  ,3  ,0.38062138 ,11  ,6    ,6   ,11  ,7     ,3   ,0
29  ,4  ,0.413059505,19  ,3    ,2   ,6   ,6     ,4   ,0
50  ,3  ,0.964823591,16  ,0    ,9   ,27  ,1     ,3   ,0
23  ,3  ,0.056029489,16  ,2    ,10  ,4   ,2     ,3   ,0
36  ,1  ,0.239757767,13  ,2    ,6   ,9   ,3     ,3   ,0
42  ,4  ,0.979673512,22  ,1    ,9   ,24  ,1     ,3   ,0
35  ,3  ,0.126276988,17  ,8    ,28  ,10  ,10    ,2   ,0
34  ,3  ,0.213480779,14  ,7    ,10  ,8   ,8     ,2   ,0
43  ,2  ,0.203633491,12  ,2    ,27  ,8   ,6     ,3   ,0
35  ,4  ,0.088520274,18  ,1    ,7   ,1   ,1     ,2   ,0
46  ,1  ,0.871932596,15  ,12   ,1   ,27  ,26    ,1   ,0
28  ,2  ,0.073670353,17  ,0    ,24  ,1   ,1     ,3   ,1
50  ,3  ,0.539020537,15  ,13   ,20  ,32  ,30    ,3   ,0
30  ,2  ,0.059610321,12  ,1    ,7   ,6   ,6     ,2   ,0
45  ,1  ,0.177777778,15  ,5    ,26  ,10  ,10    ,3   ,0
31  ,1  ,0.22764613 ,13  ,3    ,2   ,10  ,5     ,3   ,0
34  ,4  ,0.195629279,13  ,2    ,10  ,9   ,9     ,3   ,0
39  ,1  ,0.230015798,13  ,7    ,10  ,10  ,7     ,3   ,0
27  ,1  ,0.160979463,11  ,7    ,19  ,7   ,7     ,3   ,0
35  ,1  ,0.221116377,11  ,10   ,18  ,16  ,16    ,3   ,0
21  ,4  ,0.111005793,18  ,2    ,5   ,3   ,2     ,3   ,0
39  ,3  ,0.108478146,15  ,7    ,3   ,11  ,10    ,3   ,0
37  ,3  ,0.250605582,17  ,2    ,19  ,9   ,4     ,2   ,0
35  ,1  ,0.48957346 ,17  ,0    ,10  ,15  ,13    ,3   ,1
44  ,4  ,0.2492891  ,11  ,2    ,1   ,14  ,10    ,3   ,0
48  ,4  ,0.747393365,25  ,2    ,4   ,23  ,2     ,3   ,0
35  ,4  ,0.233333333,14  ,2    ,15  ,7   ,2     ,2   ,1
27  ,4  ,0.082727751,13  ,2    ,2   ,6   ,4     ,2   ,0
40  ,1  ,0.060926804,14  ,3    ,7   ,10  ,4     ,1   ,1
29  ,3  ,0.255924171,11  ,4    ,10  ,8   ,5     ,3   ,0
25  ,3  ,0.221011058,17  ,7    ,2   ,7   ,7     ,3   ,0
39  ,2  ,0.225697736,21  ,0    ,12  ,7   ,5     ,3   ,0
36  ,2  ,0.052869932,11  ,3    ,7   ,15  ,4     ,3   ,0
36  ,1  ,0.307161664,20  ,4    ,3   ,13  ,5     ,3   ,0
43  ,3  ,0.873828331,24  ,11   ,15  ,14  ,14    ,3   ,0
35  ,4  ,0.188098999,24  ,7    ,12  ,13  ,11    ,4   ,1
38  ,4  ,0.196208531,15  ,9    ,1   ,19  ,13    ,4   ,0
29  ,2  ,0.167351237,13  ,9    ,5   ,10  ,10    ,2   ,0
33  ,4  ,0.236756187,14  ,4    ,2   ,6   ,6     ,3   ,0
32  ,2  ,0.234913112,13  ,6    ,2   ,10  ,9     ,2   ,0
49  ,3  ,0.75671406 ,14  ,0    ,1   ,23  ,8     ,3   ,0
41  ,3  ,0.319799895,16  ,2    ,23  ,21  ,2     ,3   ,0
20  ,1  ,0.090521327,11  ,2    ,9   ,2   ,2     ,3   ,0
36  ,3  ,0.228436019,14  ,2    ,26  ,10  ,3     ,2   ,0
23  ,3  ,0.156924697,11  ,2    ,8   ,5   ,5     ,3   ,1
53  ,4  ,0.315745129,15  ,2    ,24  ,11  ,4     ,3   ,0
32  ,2  ,0.020221169,12  ,0    ,2   ,1   ,1     ,3   ,1
26  ,4  ,0.082201159,20  ,7    ,7   ,7   ,7     ,3   ,0
55  ,2  ,0.133122696,12  ,2    ,22  ,8   ,4     ,3   ,0
34  ,4  ,0.156766719,14  ,13   ,5   ,15  ,15    ,4   ,0
60  ,4  ,0.519957873,20  ,0    ,1   ,19  ,1     ,4   ,0
33  ,2  ,0.053659821,18  ,13   ,21  ,14  ,14    ,3   ,0
37  ,4  ,0.448446551,14  ,3    ,1   ,6   ,6     ,2   ,0
23  ,4  ,0.066666667,21  ,2    ,7   ,3   ,3     ,3   ,1
35  ,4  ,0.206477093,14  ,4    ,2   ,6   ,5     ,4   ,0
43  ,4  ,0.360084255,17  ,8    ,2   ,10  ,10    ,3   ,0
24  ,3  ,0.178620326,16  ,4    ,9   ,5   ,5     ,3   ,0
41  ,3  ,0.433491311,12  ,7    ,6   ,10  ,10    ,3   ,0
45  ,3  ,0.512848868,23  ,4    ,1   ,25  ,23    ,2   ,0
24  ,3  ,0.028751975,11  ,0    ,22  ,1   ,1     ,3   ,1
47  ,3  ,0.628067404,11  ,10   ,9   ,25  ,23    ,1   ,1
26  ,3  ,0.068246445,15  ,2    ,17  ,3   ,3     ,4   ,0
32  ,3  ,0.12764613 ,13  ,3    ,10  ,10  ,5     ,2   ,0
31  ,3  ,0.129963138,14  ,3    ,2   ,6   ,5     ,4   ,0
41  ,2  ,0.285466035,19  ,2    ,4   ,10  ,3     ,3   ,0
24  ,1  ,0.152606635,13  ,2    ,29  ,6   ,6     ,4   ,0
46  ,2  ,0.239757767,14  ,9    ,13  ,19  ,10    ,3   ,0
35  ,3  ,0.309320695,16  ,7    ,27  ,17  ,7     ,3   ,0
30  ,4  ,0.097577672,12  ,8    ,16  ,10  ,10    ,2   ,0
47  ,2  ,0.209004739,11  ,0    ,2   ,4   ,1     ,1   ,0
46  ,4  ,0.492838336,12  ,3    ,2   ,13  ,10    ,2   ,0
36  ,1  ,0.269878884,13  ,2    ,13  ,16  ,2     ,3   ,1
32  ,2  ,0.30152712 ,15  ,0    ,1   ,10  ,0     ,3   ,1
39  ,4  ,0.287677725,15  ,8    ,1   ,9   ,9     ,3   ,0
32  ,3  ,0.452922591,13  ,2    ,19  ,10  ,4     ,1   ,0
40  ,2  ,0.991258557,14  ,8    ,7   ,21  ,21    ,2   ,0
24  ,4  ,0.059820958,14  ,1    ,10  ,3   ,2     ,3   ,0
31  ,3  ,0.386361243,19  ,2    ,5   ,6   ,5     ,3   ,0
29  ,3  ,0.278304371,12  ,2    ,1   ,10  ,3     ,4   ,0
30  ,1  ,0.322854134,11  ,7    ,15  ,12  ,7     ,3   ,0
34  ,4  ,0.101263823,14  ,2    ,2   ,6   ,5     ,3   ,0
31  ,3  ,0.376619273,13  ,0    ,16  ,10  ,1     ,3   ,1
30  ,3  ,0.225645076,16  ,7    ,16  ,10  ,7     ,3   ,0
32  ,2  ,0.089994734,14  ,7    ,5   ,12  ,7     ,3   ,0
38  ,4  ,0.252869932,16  ,0    ,18  ,15  ,1     ,3   ,0
43  ,3  ,0.075197472,16  ,0    ,17  ,6   ,1     ,3   ,1
42  ,2  ,0.09252238 ,22  ,4    ,12  ,7   ,5     ,2   ,0
55  ,1  ,0.949394418,12  ,0    ,2   ,34  ,1     ,3   ,0
33  ,2  ,0.107740916,15  ,7    ,4   ,11  ,9     ,2   ,0
41  ,1  ,0.067403897,20  ,4    ,9   ,5   ,5     ,3   ,0
34  ,3  ,0.157556609,14  ,7    ,10  ,15  ,15    ,3   ,0
43  ,4  ,0.133228015,13  ,8    ,2   ,10  ,9     ,3   ,0
21  ,2  ,0.087941022,13  ,0    ,7   ,1   ,1     ,3   ,1
37  ,2  ,0.167456556,14  ,3    ,9   ,5   ,5     ,3   ,0
46  ,4  ,0.964665613,17  ,2    ,2   ,24  ,2     ,3   ,0
36  ,1  ,0.38504476 ,13  ,7    ,10  ,15  ,12    ,3   ,0
44  ,2  ,0.070194839,12  ,3    ,1   ,6   ,5     ,2   ,1
37  ,2  ,0.161242759,13  ,7    ,8   ,19  ,10    ,2   ,0
35  ,4  ,0.25297525 ,18  ,7    ,27  ,10  ,10    ,3   ,1
33  ,1  ,0.112374934,19  ,6    ,8   ,14  ,10    ,3   ,0
28  ,4  ,0.05450237 ,11  ,3    ,1   ,5   ,5     ,4   ,0
39  ,3  ,0.655871511,21  ,2    ,10  ,9   ,4     ,3   ,0
46  ,2  ,0.367667193,15  ,2    ,26  ,6   ,2     ,3   ,0
42  ,1  ,0.238493944,18  ,0    ,13  ,10  ,0     ,2   ,0
35  ,4  ,0.250289626,14  ,7    ,2   ,15  ,7     ,3   ,0
38  ,2  ,0.083359663,13  ,8    ,2   ,13  ,11    ,3   ,0
34  ,1  ,0.22838336 ,17  ,7    ,9   ,11  ,7     ,2   ,1
37  ,1  ,0.168720379,15  ,8    ,10  ,10  ,10    ,1   ,1
39  ,4  ,0.16419168 ,18  ,2    ,20  ,7   ,2     ,3   ,0
43  ,3  ,0.075250132,13  ,2    ,9   ,7   ,3     ,2   ,0
41  ,2  ,0.308636124,12  ,2    ,5   ,11  ,3     ,1   ,0
34  ,3  ,0.304897314,21  ,8    ,8   ,10  ,10    ,3   ,0
58  ,2  ,0.804739336,22  ,14   ,2   ,37  ,16    ,2   ,0
35  ,3  ,0.089310163,16  ,3    ,23  ,6   ,5     ,4   ,0
26  ,4  ,0.193522907,13  ,2    ,10  ,5   ,5     ,3   ,0
58  ,3  ,0.778199052,14  ,2    ,15  ,23  ,2     ,3   ,0
31  ,1  ,0.102527646,17  ,0    ,18  ,2   ,1     ,3   ,1
29  ,1  ,0.069826224,15  ,0    ,13  ,4   ,2     ,3   ,1
43  ,4  ,0.245708268,20  ,7    ,2   ,7   ,7     ,3   ,0
29  ,4  ,0.147604002,13  ,10   ,20  ,11  ,11    ,4   ,0
32  ,4  ,0.191627172,13  ,0    ,10  ,4   ,0     ,4   ,0
42  ,3  ,0.10147446 ,22  ,3    ,10  ,10  ,6     ,2   ,0
46  ,4  ,0.398578199,14  ,7    ,2   ,12  ,9     ,2   ,0
28  ,4  ,0.089362823,15  ,2    ,1   ,3   ,3     ,3   ,0
29  ,3  ,0.283043707,17  ,6    ,29  ,11  ,7     ,3   ,0
42  ,3  ,0.155818852,13  ,0    ,8   ,8   ,0     ,3   ,0
32  ,2  ,0.468562401,12  ,2    ,2   ,7   ,2     ,2   ,1
29  ,2  ,0.094523433,11  ,0    ,6   ,1   ,1     ,3   ,0
48  ,2  ,0.982411796,12  ,9    ,10  ,29  ,22    ,3   ,0
29  ,4  ,0.075302791,24  ,0    ,24  ,1   ,1     ,2   ,1
39  ,4  ,0.152343339,14  ,2    ,19  ,7   ,2     ,3   ,0
55  ,4  ,0.087045814,20  ,4    ,2   ,19  ,5     ,4   ,0
30  ,4  ,0.003791469,13  ,0    ,9   ,1   ,1     ,2   ,1
22  ,2  ,0.077040548,23  ,0    ,7   ,1   ,1     ,3   ,1
31  ,3  ,0.16787783 ,11  ,2    ,20  ,10  ,10    ,3   ,0
34  ,4  ,0.458346498,13  ,0    ,4   ,9   ,5     ,3   ,0
29  ,1  ,0.055450237,14  ,2    ,7   ,11  ,3     ,3   ,0
37  ,1  ,0.172459189,22  ,4    ,7   ,16  ,5     ,3   ,0
36  ,4  ,0.15150079 ,21  ,8    ,2   ,10  ,10    ,2   ,0
40  ,1  ,0.832754081,11  ,16   ,1   ,22  ,19    ,3   ,0
44  ,1  ,0.211901001,15  ,2    ,1   ,10  ,2     ,3   ,0
34  ,1  ,0.068351764,23  ,0    ,16  ,5   ,5     ,3   ,1
56  ,4  ,0.083096367,16  ,0    ,24  ,5   ,4     ,3   ,1
36  ,2  ,0.236861506,16  ,3    ,17  ,12  ,4     ,1   ,0
42  ,1  ,0.649763033,13  ,7    ,6   ,18  ,13    ,4   ,0
26  ,4  ,0.080832017,18  ,7    ,6   ,8   ,7     ,3   ,0
45  ,3  ,0.231174302,12  ,3    ,1   ,12  ,4     ,3   ,0
33  ,3  ,0.23580832 ,14  ,9    ,10  ,10  ,10    ,2   ,0
28  ,4  ,0.30674039 ,12  ,7    ,1   ,7   ,7     ,3   ,0
29  ,1  ,0.004318062,17  ,0    ,24  ,1   ,1     ,3   ,1
27  ,2  ,0.064086361,11  ,2    ,2   ,6   ,5     ,2   ,0
34  ,4  ,0.249499737,15  ,11   ,22  ,16  ,15    ,3   ,0
47  ,2  ,0.234755134,18  ,7    ,14  ,16  ,8     ,4   ,0
39  ,1  ,0.218114797,25  ,9    ,9   ,10  ,10    ,3   ,0
38  ,4  ,0.198104265,19  ,3    ,9   ,10  ,5     ,4   ,0
49  ,4  ,0.955871511,15  ,3    ,2   ,28  ,5     ,3   ,0
42  ,4  ,0.214744602,12  ,0    ,12  ,14  ,0     ,3   ,0
35  ,1  ,0.239705108,16  ,4    ,18  ,6   ,5     ,1   ,0
28  ,3  ,0.059768299,14  ,4    ,16  ,5   ,5     ,2   ,0
31  ,1  ,0.108267509,13  ,3    ,3   ,4   ,4     ,4   ,0
36  ,2  ,0.094839389,22  ,2    ,9   ,5   ,5     ,3   ,0
34  ,4  ,0.467561875,21  ,1    ,1   ,14  ,14    ,2   ,0
34  ,3  ,0.401211164,18  ,1    ,13  ,9   ,8     ,2   ,0
26  ,1  ,0.097840969,13  ,6    ,1   ,8   ,7     ,2   ,0
29  ,1  ,0.229805161,12  ,2    ,1   ,6   ,5     ,2   ,0
31  ,1  ,0.210321222,21  ,7    ,1   ,10  ,10    ,3   ,0
28  ,4  ,0.071511322,12  ,3    ,17  ,6   ,4     ,2   ,1
38  ,1  ,0.097367035,14  ,0    ,1   ,20  ,1     ,2   ,0
27  ,4  ,0.163033175,14  ,7    ,9   ,7   ,7     ,3   ,0
32  ,4  ,0.456556082,24  ,0    ,5   ,8   ,1     ,3   ,0
31  ,4  ,0.242654028,11  ,8    ,26  ,10  ,10    ,3   ,1
53  ,1  ,0.49705108 ,13  ,2    ,24  ,15  ,2     ,2   ,1
33  ,3  ,0.261137441,20  ,8    ,7   ,9   ,9     ,3   ,0
43  ,3  ,0.342338073,17  ,9    ,11  ,10  ,10    ,3   ,0
38  ,2  ,0.104370721,11  ,2    ,1   ,7   ,6     ,3   ,0
55  ,2  ,0.980884676,18  ,4    ,26  ,35  ,10    ,3   ,0
39  ,1  ,0.649394418,12  ,10   ,15  ,21  ,20    ,3   ,0
42  ,3  ,0.174986835,12  ,7    ,23  ,20  ,20    ,3   ,0
24  ,3  ,0.189994734,12  ,2    ,1   ,4   ,4     ,2   ,0
23  ,4  ,0.086255924,13  ,4    ,12  ,5   ,5     ,4   ,0
30  ,2  ,0.144233807,13  ,7    ,1   ,12  ,12    ,2   ,0
25  ,3  ,0.156292786,19  ,2    ,2   ,7   ,2     ,2   ,0
47  ,3  ,0.40147446 ,23  ,11   ,25  ,25  ,17    ,3   ,0
33  ,3  ,0.052606635,12  ,0    ,1   ,1   ,1     ,2   ,0
38  ,2  ,0.180674039,15  ,8    ,1   ,16  ,15    ,3   ,0
31  ,3  ,0.108372828,19  ,2    ,2   ,3   ,2     ,3   ,0
38  ,3  ,0.227066877,11  ,7    ,6   ,10  ,8     ,3   ,0
42  ,1  ,0.231753555,17  ,2    ,18  ,9   ,4     ,2   ,0
41  ,4  ,0.093364929,22  ,0    ,1   ,12  ,5     ,3   ,0
35  ,3  ,0.086940495,11  ,2    ,11  ,5   ,2     ,3   ,0
22  ,3  ,0.12459189 ,12  ,2    ,1   ,4   ,3     ,4   ,0
35  ,3  ,0.215323855,19  ,8    ,9   ,10  ,10    ,3   ,0
40  ,4  ,0.073565034,19  ,0    ,1   ,8   ,1     ,2   ,0
32  ,2  ,0.066350711,14  ,2    ,1   ,3   ,2     ,3   ,0
39  ,4  ,0.163191153,13  ,7    ,24  ,18  ,7     ,3   ,0
52  ,4  ,0.130226435,15  ,0    ,29  ,16  ,9     ,2   ,0
44  ,4  ,0.075144813,12  ,2    ,1   ,6   ,4     ,3   ,0
21  ,1  ,0.072195893,11  ,2    ,5   ,2   ,2     ,3   ,0
39  ,4  ,0.970089521,13  ,3    ,9   ,21  ,6     ,2   ,0
23  ,1  ,0.041126909,19  ,0    ,9   ,1   ,1     ,2   ,1
56  ,3  ,0.278936282,21  ,9    ,1   ,13  ,13    ,2   ,0
29  ,4  ,0.198946814,14  ,2    ,1   ,4   ,2     ,4   ,1
42  ,3  ,0.94107425 ,11  ,14   ,2   ,24  ,22    ,2   ,0
56  ,3  ,0.070036862,11  ,8    ,7   ,14  ,10    ,1   ,1
36  ,4  ,0.231542917,24  ,11   ,15  ,15  ,15    ,2   ,0
41  ,2  ,0.417535545,11  ,4    ,3   ,14  ,5     ,3   ,0
32  ,1  ,0.075302791,14  ,2    ,2   ,4   ,4     ,3   ,0
50  ,3  ,0.301158504,12  ,1    ,1   ,12  ,6     ,3   ,1
40  ,3  ,0.09478673 ,14  ,2    ,2   ,8   ,2     ,3   ,0
35  ,3  ,0.246445498,14  ,2    ,18  ,10  ,10    ,4   ,0
29  ,2  ,0.158820432,13  ,3    ,13  ,10  ,4     ,3   ,0
50  ,1  ,0.518430753,13  ,0    ,28  ,20  ,3     ,3   ,1
31  ,1  ,0.470089521,19  ,7    ,5   ,10  ,9     ,3   ,0
36  ,4  ,0.082253818,17  ,3    ,23  ,17  ,5     ,3   ,0
39  ,1  ,0.472985782,15  ,7    ,6   ,9   ,7     ,3   ,0
27  ,2  ,0.270300158,20  ,3    ,4   ,6   ,6     ,3   ,0
49  ,2  ,0.230700369,14  ,8    ,2   ,17  ,9     ,2   ,0
34  ,3  ,0.178778304,12  ,2    ,8   ,6   ,4     ,4   ,0
